id,name,lat,lon
CU,"Curitiba, Paraná, Brazil",-25.4296,-49.2712
CV,Cape Verde,14.918,-23.509
CY,Cayman Islands,19.3086622401692,-81.2384511989646
CZ,Czech Republic,49.7428590048094,15.3384118376873
DE,Germany,51.1334813439932,10.0183432948567
DJ,Djibouti,11.7496765333164,42.5777653608456
DK,Denmark,55.9633978748347,10.0462968058278
DO,Dominican Republic,18.6062576970524,-70.1067224933053
DZ,Algeria,28.1632395923063,2.63238813336793
EC,Ecuador,-1.16017132420716,-78.4329147227382
EE,Estonia,58.7783968568071,25.7615268448868
EG,Egypt,26.4941838299718,29.871903452398
ER,"Erqi Qu, Zhengzhou Shi, Henan, China",34.731608,113.633421
ES,Spain,41.2948556295683,-4.05568501525488
ET,Ethiopia,8.62621960079895,39.6160319910272
FI,Finland,62.7777539652943,26.199539005192
FR,France,47.8249046208979,2.61878695312962
GB,United Kingdom,54.2379333607472,-2.36966957036279
GE,"Georgia, United States",32.3305706594431,-83.2572560296474
GH,Ghana,6.88085426914622,-1.16759442759906
GI,"Gifu, Japan",35.662757,136.7378387
GM,The Gambia,13.4445255191194,-15.912854478675
GR,United Kingdom,54.2379333607472,-2.36966957036279
GT,Guatemala,15.6055893260292,-90.3900017126126
GW,"Gwangju, South Korea",35.1594647,126.8515034
GY,"Gyeonggi-do, South Korea",37.2887689,127.0540786
HK,Hong Kong,22.279356,114.16255
HN,Honduras,14.7616644478253,-86.9216408872841
HR,Croatia,45.6649521968376,16.6791068850861
HU,"Huaiyuan Xian, Bengbu Shi, Anhui, China",32.970639,117.199483
ID,Indonesia,-6.17555357,106.82721585
IE,Ireland,53.3054943871234,-7.73764888796793
IL,"Illinois, United States",40.1492928594374,-89.2749461071049
IN,India,22.1991660760527,78.476681027237
IQ,Iraq,33.0480556443919,43.4047161632042
IR,Ireland,53.3054943871234,-7.73764888796793
IS,"Istanbul, Türkiye",41.0091982,28.9662187
IT,Italy,42.5041539170675,12.6463610364431
JM,Jamaica,18.1512945138,-77.3192220134904
JO,"Johor, Malaysia",1.503555,103.7495586
JP,Japan,36.3864928218528,138.592229549504
KE,"Kentucky, United States",37.5310880799693,-85.2893967376316
KG,Kyrgyzstan,41.465053955426,74.5555962804371
KP,North Korea,40.3470993177997,126.847799277746
KR,South Korea,36.5362364654109,128.168944342317
KW,Kuwait,29.3412115743027,47.5906041080513
KZ,Kazakhstan,48.160088082685,67.3017735657682
LB,Lebanon,33.9202654117664,35.888026075855
LC,Saint Lucia,13.897869297883,-60.9687124495575
LI,"Lima, Lima Province, Peru",-12,-76.8333
LK,Sri Lanka,7.60808521895433,80.7047272491285
LS,Lesotho,-29.5809998474103,28.2430108685831
LT,Lithuania,55.4874125822773,23.9315379882448
LU,"Lufeng Shi, Shanwei Shi, Guangdong, China",22.945588,115.640714
LV,Latvia,56.9590654127872,24.8625932740492
MA,Malaysia,4.49664266041942,102.275719605501
MC,Monaco,43.73248184,7.4189617
MD,"Maryland, United States",39.4780636707791,-76.8536374638244
ME,Mexico,23.9504642310912,-102.532867448126
MK,North Macedonia,41.5996826646442,21.6974757513494
ML,Mali,17.3503352399376,-1.25214497310038
MM,Myanmar,21.1543188078769,96.5069211391735
MN,"Minnesota, United States",46.3434063154299,-94.1991167709013
MR,Mauritania,19.7574723127526,-10.5327926241955
MT,"Mato Grosso, Brazil",-13.6862877932155,-55.9809851947356
MU,"Murcia, Region of Murcia, Spain",37.99238,-1.130543
MV,Maldives,4.17887365,73.51104943
MW,Malawi,-13.2158036349607,33.739163883354
MX,Mexico,23.9504642310912,-102.532867448126
MY,Malaysia,4.49664266041942,102.275719605501
MZ,Mozambique,-18.0874664869235,34.7501973908725
NA,"Nanhai Qu, Fuoshan Shi, Guangdong, China",23.030135,113.137722
NE,"New York, New York, United States",40.7306,-73.9866
NG,Nigeria,9.59395988695573,8.10530640960786
NI,Nigeria,9.59395988695573,8.10530640960786
NL,Netherlands,51.9724664894952,5.61349061168593
NO,"North Carolina, United States",35.5568849207634,-79.3896838690365
NZ,New Zealand,-41.8388752215127,171.779900195937
OM,Oman,21.3836372099704,57.0864239443949
PA,"Pennsylvania, United States",41.0911397651497,-78.2907462468837
PE,China,35.4867029846329,101.901875103385
PG,Papua New Guinea,-6.4783775316607,145.241749381464
PH,Philippines,14.58678841,120.98177916
PK,Pakistan,28.1863846711864,67.6952367278874
PL,Poland,52.1246099075455,19.30063630556
PS,Palestinian Territories,31.88333,35.2
PT,Portugal,39.6009946583093,-8.56273059638958
PY,Paraguay,-23.236210654675,-58.3910238917002
QA,Qatar,25.3150785008825,51.1912009969872
RO,"Roma, Rome, Italy",41.89332,12.482932
RS,"Rio Grande do Sul, Brazil",-29.0141696594616,-53.7342359303728
RU,Russia,61.9945734073292,96.6697054604756
SA,"São Paulo, São Paulo, Brazil",-23.5507,-46.6334
SD,"South Dakota, United States",44.8688864124358,-100.149201511155
SE,"Selangor, Malaysia",3.0733644,101.5195149
SG,Singapore,1.3516161224392,103.808052586332
SI,Singapore,1.3516161224392,103.808052586332
SK,"Skåne, Sweden",55.6052931,13.0001566
SL,"Sleman, Special Region of Yogyakarta, Indonesia",-7.690247,110.341986
SN,"South Sulawesi, Indonesia",-5.1342962,119.4124282
SR,"São Paulo, São Paulo, Brazil",-23.5507,-46.6334
SS,"South Sumatra, Indonesia",-2.9888297,104.756857
SV,El Salvador,13.7368969076932,-88.8665114518297
SZ,Eswatini,-26.5626420959616,31.4975289562193
TG,Togo,8.76622092166324,1.04255291389074
TH,Thailand,15.127333464868,101.017437716385
TJ,Tajikistan,38.8385084835418,71.0420037711059
TM,Turkmenistan,39.1222850315681,59.3843773120436
TN,"Tennessee, United States",35.9885949444454,-85.9823352140893
TR,Türkiye,39.0604813685019,35.1795933806353
TT,Trinidad and Tobago,10.4686430117018,-61.2531757283896
UA,United Arab Emirates,23.8520599823879,54.2561723713588
UG,Uganda,1.27996353132461,32.3862178703861
US,United States,39.3812661305678,-97.9222112121185
UY,Uruguay,-32.7996455126793,-56.012396238658
UZ,Uzbekistan,41.7504367984144,63.169371992914
VE,Venezuela,7.61957014788959,-65.801997444749
VN,Vietnam,14.3154241771087,108.339537475899
WS,"Bandung Barat, West Java, Indonesia",-6.854814,107.52404
YE,"Ye Xian, Pingdingshan Shi, Henan, China",33.627013,113.365728
ZA,South Africa,-28.3782721906973,23.9137106762068
ZM,Zambia,-14.0049082837326,27.4306751716734